timeMs,bid,ask,profitCurrencyToAccount,leverage,longFinancingPerLot,shortFinancingPerLot
1700000000000,1.1,1.10012,1,100,0,0
1700000010000,1.10005,1.10017,1,100,0,0
1700000020000,1.10009,1.10021,1,100,0,0
1700000030000,1.10014,1.10026,1,100,0,0
1700000040000,1.10018,1.1003,1,100,0,0
1700000050000,1.10022,1.10034,1,100,0,0
1700000060000,1.10026,1.10038,1,100,0,0
1700000070000,1.1003,1.10042,1,100,0,0
1700000080000,1.10034,1.10046,1,100,0,0
1700000090000,1.10037,1.10049,1,100,0,0
1700000100000,1.1004,1.10052,1,100,0,0
1700000110000,1.10043,1.10055,1,100,0,0
1700000120000,1.10045,1.10057,1,100,0,0
1700000130000,1.10047,1.10059,1,100,0,0
1700000140000,1.10049,1.10061,1,100,0,0
1700000150000,1.10051,1.10063,1,100,0,0
1700000160000,1.10053,1.10065,1,100,0,0
1700000170000,1.10054,1.10066,1,100,0,0
1700000180000,1.10055,1.10067,1,100,0,0
1700000190000,1.10057,1.10069,1,100,0,0
1700000200000,1.10058,1.1007,1,100,0,0
1700000210000,1.10059,1.10071,1,100,0,0
1700000220000,1.10061,1.10073,1,100,0,0
1700000230000,1.10063,1.10075,1,100,0,0
1700000240000,1.10064,1.10076,1,100,0,0
1700000250000,1.10066,1.10078,1,100,0,0
1700000260000,1.10069,1.10081,1,100,0,0
1700000270000,1.10071,1.10083,1,100,0,0
1700000280000,1.10074,1.10086,1,100,0,0
1700000290000,1.10077,1.10089,1,100,0,0
1700000300000,1.1008,1.10092,1,100,0,0
1700000310000,1.10084,1.10096,1,100,0,0
1700000320000,1.10088,1.101,1,100,0,0
1700000330000,1.10092,1.10104,1,100,0,0
1700000340000,1.10096,1.10108,1,100,0,0
1700000350000,1.10101,1.10113,1,100,0,0
1700000360000,1.10105,1.10117,1,100,0,0
1700000370000,1.1011,1.10122,1,100,0,0
1700000380000,1.10115,1.10127,1,100,0,0
1700000390000,1.10119,1.10131,1,100,0,0
1700000400000,1.10124,1.10136,1,100,0,0
1700000410000,1.10128,1.1014,1,100,0,0
1700000420000,1.10133,1.10145,1,100,0,0
1700000430000,1.10137,1.10149,1,100,0,0
1700000440000,1.10141,1.10153,1,100,0,0
1700000450000,1.10144,1.10156,1,100,0,0
1700000460000,1.10148,1.1016,1,100,0,0
1700000470000,1.10151,1.10163,1,100,0,0
1700000480000,1.10154,1.10166,1,100,0,0
1700000490000,1.10157,1.10169,1,100,0,0
1700000500000,1.10159,1.10171,1,100,0,0
1700000510000,1.10161,1.10173,1,100,0,0
1700000520000,1.10163,1.10175,1,100,0,0
1700000530000,1.10165,1.10177,1,100,0,0
1700000540000,1.10166,1.10178,1,100,0,0
1700000550000,1.10168,1.1018,1,100,0,0
1700000560000,1.10169,1.10181,1,100,0,0
1700000570000,1.1017,1.10182,1,100,0,0
1700000580000,1.10172,1.10184,1,100,0,0
1700000590000,1.10173,1.10185,1,100,0,0
1700000600000,1.10175,1.10187,1,100,0,0
1700000610000,1.10176,1.10188,1,100,0,0
1700000620000,1.10178,1.1019,1,100,0,0
1700000630000,1.1018,1.10192,1,100,0,0
1700000640000,1.10183,1.10195,1,100,0,0
1700000650000,1.10185,1.10197,1,100,0,0
1700000660000,1.10188,1.102,1,100,0,0
1700000670000,1.10191,1.10203,1,100,0,0
1700000680000,1.10195,1.10207,1,100,0,0
1700000690000,1.10198,1.1021,1,100,0,0
1700000700000,1.10202,1.10214,1,100,0,0
1700000710000,1.10206,1.10218,1,100,0,0
1700000720000,1.10211,1.10223,1,100,0,0
1700000730000,1.10215,1.10227,1,100,0,0
1700000740000,1.1022,1.10232,1,100,0,0
1700000750000,1.10224,1.10236,1,100,0,0
1700000760000,1.10229,1.10241,1,100,0,0
1700000770000,1.10234,1.10246,1,100,0,0
1700000780000,1.10238,1.1025,1,100,0,0
1700000790000,1.10243,1.10255,1,100,0,0
1700000800000,1.10247,1.10259,1,100,0,0
1700000810000,1.10251,1.10263,1,100,0,0
1700000820000,1.10255,1.10267,1,100,0,0
1700000830000,1.10259,1.10271,1,100,0,0
1700000840000,1.10262,1.10274,1,100,0,0
1700000850000,1.10265,1.10277,1,100,0,0
1700000860000,1.10268,1.1028,1,100,0,0
1700000870000,1.1027,1.10282,1,100,0,0
1700000880000,1.10273,1.10285,1,100,0,0
1700000890000,1.10275,1.10287,1,100,0,0
1700000900000,1.10277,1.10289,1,100,0,0
1700000910000,1.10278,1.1029,1,100,0,0
1700000920000,1.1028,1.10292,1,100,0,0
1700000930000,1.10281,1.10293,1,100,0,0
1700000940000,1.10282,1.10294,1,100,0,0
1700000950000,1.10284,1.10296,1,100,0,0
1700000960000,1.10285,1.10297,1,100,0,0
1700000970000,1.10287,1.10299,1,100,0,0
1700000980000,1.10288,1.103,1,100,0,0
1700000990000,1.1029,1.10302,1,100,0,0
1700001000000,1.10292,1.10304,1,100,0,0
1700001010000,1.10294,1.10306,1,100,0,0
1700001020000,1.10296,1.10308,1,100,0,0
1700001030000,1.10299,1.10311,1,100,0,0
1700001040000,1.10302,1.10314,1,100,0,0
1700001050000,1.10305,1.10317,1,100,0,0
1700001060000,1.10309,1.10321,1,100,0,0
1700001070000,1.10312,1.10324,1,100,0,0
1700001080000,1.10316,1.10328,1,100,0,0
1700001090000,1.10321,1.10333,1,100,0,0
1700001100000,1.10325,1.10337,1,100,0,0
1700001110000,1.1033,1.10342,1,100,0,0
1700001120000,1.10334,1.10346,1,100,0,0
1700001130000,1.10339,1.10351,1,100,0,0
1700001140000,1.10343,1.10355,1,100,0,0
1700001150000,1.10348,1.1036,1,100,0,0
1700001160000,1.10353,1.10365,1,100,0,0
1700001170000,1.10357,1.10369,1,100,0,0
1700001180000,1.10361,1.10373,1,100,0,0
1700001190000,1.10365,1.10377,1,100,0,0
1700001200000,1.10369,1.10381,1,100,-2,-1
1700001210000,1.10373,1.10385,1,100,0,0
1700001220000,1.10376,1.10388,1,100,0,0
1700001230000,1.10379,1.10391,1,100,0,0
1700001240000,1.10382,1.10394,1,100,0,0
1700001250000,1.10384,1.10396,1,100,0,0
1700001260000,1.10386,1.10398,1,100,0,0
1700001270000,1.10388,1.104,1,100,0,0
1700001280000,1.1039,1.10402,1,100,0,0
1700001290000,1.10392,1.10404,1,100,0,0
1700001300000,1.10393,1.10405,1,100,0,0
1700001310000,1.10395,1.10407,1,100,0,0
1700001320000,1.10396,1.10408,1,100,0,0
1700001330000,1.10397,1.10409,1,100,0,0
1700001340000,1.10399,1.10411,1,100,0,0
1700001350000,1.104,1.10412,1,100,0,0
1700001360000,1.10402,1.10414,1,100,0,0
1700001370000,1.10404,1.10416,1,100,0,0
1700001380000,1.10406,1.10418,1,100,0,0
1700001390000,1.10408,1.1042,1,100,0,0
1700001400000,1.1041,1.10422,1,100,0,0
1700001410000,1.10413,1.10425,1,100,0,0
1700001420000,1.10416,1.10428,1,100,0,0
1700001430000,1.10419,1.10431,1,100,0,0
1700001440000,1.10423,1.10435,1,100,0,0
1700001450000,1.10427,1.10439,1,100,0,0
1700001460000,1.10431,1.10443,1,100,0,0
1700001470000,1.10435,1.10447,1,100,0,0
1700001480000,1.1044,1.10452,1,100,0,0
1700001490000,1.10444,1.10456,1,100,0,0
1700001500000,1.10449,1.10461,1,100,0,0
1700001510000,1.10453,1.10465,1,100,0,0
1700001520000,1.10458,1.1047,1,100,0,0
1700001530000,1.10463,1.10475,1,100,0,0
1700001540000,1.10467,1.10479,1,100,0,0
1700001550000,1.10471,1.10483,1,100,0,0
1700001560000,1.10476,1.10488,1,100,0,0
1700001570000,1.1048,1.10492,1,100,0,0
1700001580000,1.10483,1.10495,1,100,0,0
1700001590000,1.10487,1.10499,1,100,0,0
1700001600000,1.1049,1.10502,1,100,0,0
1700001610000,1.10493,1.10505,1,100,0,0
1700001620000,1.10496,1.10508,1,100,0,0
1700001630000,1.10498,1.1051,1,100,0,0
1700001640000,1.105,1.10512,1,100,0,0
1700001650000,1.10502,1.10514,1,100,0,0
1700001660000,1.10504,1.10516,1,100,0,0
1700001670000,1.10505,1.10517,1,100,0,0
1700001680000,1.10507,1.10519,1,100,0,0
1700001690000,1.10508,1.1052,1,100,0,0
1700001700000,1.10509,1.10521,1,100,0,0
1700001710000,1.10511,1.10523,1,100,0,0
1700001720000,1.10512,1.10524,1,100,0,0
1700001730000,1.10514,1.10526,1,100,0,0
1700001740000,1.10515,1.10527,1,100,0,0
1700001750000,1.10517,1.10529,1,100,0,0
1700001760000,1.10519,1.10531,1,100,0,0
1700001770000,1.10522,1.10534,1,100,0,0
1700001780000,1.10524,1.10536,1,100,0,0
1700001790000,1.10527,1.10539,1,100,0,0
1700001800000,1.1053,1.10542,1,100,0,0
1700001810000,1.10534,1.10546,1,100,0,0
1700001820000,1.10537,1.10549,1,100,0,0
1700001830000,1.10541,1.10553,1,100,0,0
1700001840000,1.10545,1.10557,1,100,0,0
1700001850000,1.10549,1.10561,1,100,0,0
1700001860000,1.10554,1.10566,1,100,0,0
1700001870000,1.10559,1.10571,1,100,0,0
1700001880000,1.10563,1.10575,1,100,0,0
1700001890000,1.10568,1.1058,1,100,0,0
1700001900000,1.10572,1.10584,1,100,0,0
1700001910000,1.10577,1.10589,1,100,0,0
1700001920000,1.10582,1.10594,1,100,0,0
1700001930000,1.10586,1.10598,1,100,0,0
1700001940000,1.1059,1.10602,1,100,0,0
1700001950000,1.10594,1.10606,1,100,0,0
1700001960000,1.10597,1.10609,1,100,0,0
1700001970000,1.10601,1.10613,1,100,0,0
1700001980000,1.10604,1.10616,1,100,0,0
1700001990000,1.10607,1.10619,1,100,0,0
1700002000000,1.10609,1.10621,1,100,0,0
1700002010000,1.10612,1.10624,1,100,0,0
1700002020000,1.10614,1.10626,1,100,0,0
1700002030000,1.10616,1.10628,1,100,0,0
1700002040000,1.10617,1.10629,1,100,0,0
1700002050000,1.10619,1.10631,1,100,0,0
1700002060000,1.1062,1.10632,1,100,0,0
1700002070000,1.10622,1.10634,1,100,0,0
1700002080000,1.10623,1.10635,1,100,0,0
1700002090000,1.10624,1.10636,1,100,0,0
1700002100000,1.10626,1.10638,1,100,0,0
1700002110000,1.10627,1.10639,1,100,0,0
1700002120000,1.10629,1.10641,1,100,0,0
1700002130000,1.10631,1.10643,1,100,0,0
1700002140000,1.10633,1.10645,1,100,0,0
1700002150000,1.10635,1.10647,1,100,0,0
1700002160000,1.10638,1.1065,1,100,0,0
1700002170000,1.10641,1.10653,1,100,0,0
1700002180000,1.10644,1.10656,1,100,0,0
1700002190000,1.10648,1.1066,1,100,0,0
1700002200000,1.10651,1.10663,1,100,0,0
1700002210000,1.10655,1.10667,1,100,0,0
1700002220000,1.1066,1.10672,1,100,0,0
1700002230000,1.10664,1.10676,1,100,0,0
1700002240000,1.10668,1.1068,1,100,0,0
1700002250000,1.10673,1.10685,1,100,0,0
1700002260000,1.10678,1.1069,1,100,0,0
1700002270000,1.10682,1.10694,1,100,0,0
1700002280000,1.10687,1.10699,1,100,0,0
1700002290000,1.10692,1.10704,1,100,0,0
1700002300000,1.10696,1.10708,1,100,0,0
1700002310000,1.107,1.10712,1,100,0,0
1700002320000,1.10704,1.10716,1,100,0,0
1700002330000,1.10708,1.1072,1,100,0,0
1700002340000,1.10712,1.10724,1,100,0,0
1700002350000,1.10715,1.10727,1,100,0,0
1700002360000,1.10718,1.1073,1,100,0,0
1700002370000,1.10721,1.10733,1,100,0,0
1700002380000,1.10723,1.10735,1,100,0,0
1700002390000,1.10725,1.10737,1,100,0,0
1700002400000,1.10727,1.10739,1,100,0,0
1700002410000,1.10729,1.10741,1,100,0,0
1700002420000,1.10731,1.10743,1,100,0,0
1700002430000,1.10732,1.10744,1,100,0,0
1700002440000,1.10734,1.10746,1,100,0,0
1700002450000,1.10735,1.10747,1,100,0,0
1700002460000,1.10736,1.10748,1,100,0,0
1700002470000,1.10738,1.1075,1,100,0,0
1700002480000,1.10739,1.10751,1,100,0,0
1700002490000,1.10741,1.10753,1,100,0,0
